Id,sasa,eig_wt_final_sym,modularity_class
90,5.630372,0.014454,1
674,5.518814,0.011186,1
290,5.346021,0.010831,1
840,5.401516,0.01082,1
565,5.51828,0.010121,1
690,5.50129,0.009805,1
197,5.342693,0.009802,1
775,5.467727,0.008545,0
553,5.428563,0.008244,1
583,5.467901,0.008106,1
605,5.479568,0.008063,1
488,5.546409,0.007997,0
981,5.566702,0.007812,1
843,5.814028,0.007754,0
47,5.457512,0.007678,1
277,5.635443,0.007264,1
112,4.998302,0.006986,0
1010,5.617208,0.00692,1
1076,5.351969,0.006784,1
669,5.728154,0.006616,0
738,5.835882,0.006583,1
255,5.727909,0.006427,0
999,5.357432,0.006415,0
659,5.885517,0.006334,1
192,5.104834,0.006022,0
487,5.715203,0.005955,0
365,5.507084,0.005755,1
619,5.33315,0.00574,1
929,5.744059,0.005613,0
798,5.694413,0.005592,1
1048,5.844596,0.005589,0
151,4.931114,0.005517,0
115,5.862384,0.005472,0
194,6.105258,0.005429,4
160,5.470603,0.00524,0
910,5.480094,0.005213,0
639,5.930352,0.005208,0
970,5.572737,0.005183,1
522,5.96478,0.005099,0
534,5.297672,0.005068,1
729,5.479006,0.005065,0
809,5.667025,0.00506,1
101,5.286397,0.005011,1
391,5.681804,0.004983,0
380,5.648995,0.004885,0
490,5.477186,0.004833,0
306,5.749138,0.004806,0
667,5.567711,0.004749,1
912,5.855587,0.004727,0
385,5.511765,0.004673,1
12,5.718936,0.004642,0
815,5.702681,0.004602,0
1085,5.620466,0.004584,1
1056,5.875318,0.004578,4
1178,5.829936,0.004565,0
274,6.209322,0.00454,1
1152,5.88846,0.004529,1
808,5.616693,0.004506,1
457,5.732106,0.004471,1
845,5.919695,0.004401,1
890,5.488841,0.004391,1
482,5.527878,0.004381,1
1135,5.910513,0.004348,1
491,5.706336,0.004316,1
270,5.564354,0.00424,0
242,6.039327,0.004164,0
727,5.648671,0.004113,1
128,6.123193,0.004091,4
489,6.008571,0.004012,4
1053,5.649657,0.003973,1
168,5.589076,0.003971,1
494,5.064877,0.003953,0
1069,6.073713,0.003933,1
307,5.026273,0.003894,0
945,5.457109,0.003894,1
1183,5.840955,0.003868,1
1104,5.331469,0.003864,0
282,5.585113,0.003836,0
225,5.587941,0.00379,0
753,5.81786,0.003768,1
629,5.183248,0.003761,0
89,5.729472,0.003736,0
932,5.797372,0.003718,1
913,5.654106,0.003712,0
1070,6.103978,0.003678,0
175,5.792515,0.003673,1
632,5.241744,0.003634,0
1003,5.409129,0.003629,1
938,5.665415,0.003593,1
751,5.851315,0.003588,1
1170,5.370952,0.003566,0
26,5.899899,0.003531,1
552,5.208566,0.003509,0
551,5.016709,0.003448,0
1189,5.002593,0.003439,0
1036,5.871846,0.003405,1
994,5.812934,0.003378,1
1022,5.588915,0.003365,0
946,6.061407,0.003352,4
730,5.637997,0.003349,0
1150,5.685142,0.003254,0
54,5.795186,0.003239,0
516,5.702837,0.003239,0
596,5.67795,0.003238,0
331,5.345567,0.003167,1
732,5.197283,0.003162,0
934,5.899294,0.003122,0
1113,5.855179,0.003074,0
1047,5.560974,0.00306,0
340,5.645159,0.00305,0
722,5.59782,0.002991,0
62,5.597893,0.002955,0
203,5.649507,0.002951,0
92,4.610714,0.002944,0
749,6.144024,0.002932,0
38,5.767012,0.002905,0
230,5.534644,0.002891,1
1143,5.386123,0.002852,1
74,5.665564,0.00282,2
227,6.07026,0.002782,1
108,5.704956,0.002777,0
828,5.448995,0.002744,0
485,5.773841,0.002681,1
839,5.870706,0.00268,4
799,5.467205,0.002678,1
1007,5.58497,0.002663,0
280,5.259552,0.002631,0
602,5.345757,0.002629,1
544,5.611103,0.002626,0
676,4.820101,0.002586,0
877,5.804849,0.002572,0
513,5.400853,0.002572,0
728,5.938051,0.002545,0
330,5.832281,0.002539,0
173,5.924319,0.002525,0
207,5.503484,0.002502,1
48,6.100282,0.00249,1
609,5.742889,0.002462,0
618,5.082143,0.002456,0
24,5.79753,0.002455,3
936,5.783513,0.002452,0
1002,5.170754,0.002435,0
844,5.350651,0.002426,1
1052,5.817869,0.002418,0
357,5.737276,0.002418,0
189,5.905027,0.002402,4
286,5.798488,0.002363,0
479,5.488552,0.002357,0
262,5.739491,0.002345,0
1193,5.928689,0.002328,4
302,5.532093,0.002316,1
754,5.411768,0.002311,0
635,5.56832,0.002284,0
444,5.565944,0.002272,0
1023,6.233211,0.002268,0
232,5.54026,0.002238,0
637,5.739596,0.002237,4
93,5.90169,0.002228,1
1005,5.625494,0.002227,0
805,5.713117,0.002225,1
966,5.524349,0.002215,1
899,6.209896,0.002203,0
706,5.620602,0.002179,1
346,5.795359,0.002176,1
405,5.437784,0.00216,1
1164,5.082357,0.002155,0
367,5.452916,0.002118,0
1030,5.453759,0.002114,1
566,5.611435,0.002109,0
604,5.549484,0.002046,1
27,4.994668,0.002037,0
37,5.8871,0.001993,0
642,6.28637,0.001991,4
768,5.383829,0.001964,0
1128,5.719877,0.001957,0
762,5.725486,0.001957,1
1176,5.671063,0.001954,0
336,6.259331,0.001934,1
316,5.820402,0.001914,0
817,4.846169,0.00191,0
1127,6.154407,0.001886,0
741,5.153065,0.001876,1
81,5.834742,0.001868,3
463,5.721851,0.001868,2
880,6.289314,0.001863,1
22,5.295999,0.001863,1
288,5.621113,0.001858,4
816,5.911966,0.001849,4
710,5.675784,0.001845,1
576,5.855024,0.001844,0
348,5.806036,0.001834,1
49,5.324431,0.001776,0
113,5.672481,0.001766,1
646,5.607052,0.001757,1
789,5.717656,0.001752,1
869,5.146285,0.001751,1
110,6.133384,0.001719,4
885,5.394025,0.001718,1
1006,6.223124,0.001703,4
213,5.623971,0.001697,1
507,5.570531,0.001683,0
183,5.903597,0.001679,0
426,5.575197,0.001646,1
992,5.901674,0.001634,1
1119,5.314449,0.001633,0
239,5.268453,0.001621,1
1061,5.800513,0.001616,1
658,5.422405,0.001598,0
389,5.223156,0.001582,1
481,6.082235,0.001581,1
588,5.962701,0.001557,1
167,5.279074,0.001557,1
182,6.095539,0.001554,4
328,5.703739,0.001545,1
731,5.900438,0.001533,1
612,6.104184,0.00151,4
7,5.989786,0.001489,4
496,5.862921,0.001488,0
285,5.885617,0.001483,0
1004,5.691705,0.001458,1
537,6.109275,0.001454,0
1043,5.662576,0.001447,0
1086,6.134345,0.001446,0
617,6.121178,0.001446,1
1190,5.784139,0.001441,1
1180,5.938168,0.00144,0
545,6.273003,0.001438,0
644,6.252185,0.001415,1
352,5.81567,0.00141,0
435,5.038379,0.001408,0
773,4.98985,0.001406,0
561,4.693944,0.0014,0
595,5.96872,0.001386,1
67,5.580492,0.001381,4
783,6.101959,0.001381,4
698,6.221964,0.001348,4
716,5.378346,0.001348,0
1020,5.914744,0.001302,0
879,6.17017,0.001287,4
876,6.094827,0.001285,1
195,6.035993,0.001281,0
920,6.157049,0.00126,0
759,5.65686,0.001218,0
832,5.152193,0.001217,0
1091,6.062767,0.001198,0
440,5.76356,0.001193,1
1124,5.707144,0.00118,0
395,5.984539,0.00116,4
63,5.439634,0.001153,0
6,5.601775,0.00115,1
622,5.202524,0.001146,0
505,6.128777,0.001122,4
475,4.952721,0.001114,0
547,5.976367,0.001088,1
1132,6.066008,0.001082,0
685,5.470107,0.001076,0
95,5.966859,0.001067,3
107,6.277905,0.001063,4
878,5.854041,0.00106,3
216,6.241844,0.001042,4
2,5.248779,0.001039,0
955,5.182195,0.001033,0
802,5.792197,0.001029,4
1080,5.292017,0.001018,1
1009,4.976013,0.001013,0
366,6.157303,0.001012,1
506,5.113923,0.001006,0
562,5.726461,0.000999,0
271,6.069419,0.000995,4
835,5.753237,0.000987,4
35,5.432763,0.000968,0
703,6.21409,0.000951,0
296,5.187115,0.000947,1
861,6.069292,0.000939,0
713,5.55487,0.000923,4
512,6.045248,0.00092,4
200,4.955585,0.000919,0
745,5.672435,0.000903,1
791,6.008002,0.000902,1
57,6.08309,0.000894,0
480,6.093012,0.000893,1
1018,6.068582,0.00089,1
870,5.866281,0.00089,0
341,5.888526,0.000889,1
1092,5.578246,0.000875,1
977,6.133672,0.000866,0
454,5.80462,0.000863,0
1145,5.556191,0.000859,4
559,6.17457,0.000852,1
174,6.129222,0.000845,0
138,5.939966,0.000839,0
370,5.802709,0.000835,4
670,5.449378,0.000833,1
962,5.531296,0.000815,0
94,5.210612,0.000815,0
837,6.114064,0.000804,3
468,6.402618,0.000793,0
393,5.50953,0.000788,1
631,5.755344,0.000785,0
451,6.249105,0.000784,3
40,5.988824,0.000782,0
1000,5.638996,0.000782,0
1034,5.654334,0.00078,0
1045,5.622907,0.000774,0
964,6.304965,0.000772,0
268,5.538817,0.000767,0
109,5.842144,0.000764,1
599,6.181365,0.000759,0
303,6.094661,0.000757,0
969,6.23393,0.000756,1
1106,5.692035,0.000753,0
387,5.697012,0.000753,1
427,5.695322,0.000737,1
831,6.059961,0.000734,4
772,6.200584,0.000734,1
502,5.55719,0.000727,1
354,6.042338,0.000715,1
447,5.816068,0.000712,1
100,5.683382,0.000704,0
64,6.17364,0.000698,1
978,5.552716,0.000697,0
819,5.878192,0.000691,0
864,5.220367,0.000686,0
1118,6.391976,0.000682,4
841,5.499879,0.000681,4
892,5.592257,0.000681,0
135,6.021801,0.00068,4
695,5.799458,0.000676,4
1114,5.603838,0.00067,1
1177,5.073899,0.000666,0
867,5.886895,0.000653,4
954,5.43104,0.00064,1
1064,5.95184,0.000638,0
1169,6.21324,0.000633,1
241,6.05415,0.000631,0
529,5.849108,0.000625,0
546,6.05834,0.000624,1
812,6.013488,0.000621,3
72,6.157996,0.00062,1
267,6.128347,0.000608,1
1153,5.64186,0.000606,1
69,6.021306,0.000599,1
520,5.658441,0.000595,0
594,5.238917,0.000584,0
974,6.22995,0.000581,0
97,5.848651,0.00058,3
663,5.409587,0.000576,0
11,5.901741,0.000575,2
541,5.234269,0.000574,0
914,5.77073,0.000557,3
169,6.129523,0.000557,0
136,6.239189,0.000554,0
610,5.3703,0.000553,0
235,6.124062,0.000551,1
855,6.018379,0.000549,1
247,6.235011,0.000546,0
1196,5.345358,0.000545,1
650,5.013535,0.000544,0
694,5.648647,0.000541,1
803,6.106204,0.000539,1
217,5.716786,0.000538,2
246,6.139052,0.000537,1
968,5.832111,0.000537,0
924,6.213432,0.00053,1
1188,5.580543,0.000526,1
1185,5.718063,0.000524,1
1042,6.082103,0.000522,0
976,5.558719,0.000519,1
675,6.267998,0.000519,4
1033,6.078829,0.000517,3
448,5.158358,0.000517,0
1032,5.869869,0.000514,0
687,5.579125,0.000513,1
1087,5.883763,0.000501,0
155,5.52383,0.000501,1
847,6.061884,0.000501,4
1019,5.966242,0.0005,0
684,5.935672,0.000499,3
673,5.895187,0.000498,1
940,6.100241,0.000497,3
898,6.222563,0.000496,0
117,6.135616,0.000493,0
829,6.067475,0.000493,1
413,5.988814,0.000485,1
198,5.51701,0.000476,2
394,5.702558,0.000463,1
150,5.852562,0.000463,2
555,6.046633,0.000462,1
373,6.075894,0.000457,4
1012,6.059413,0.00045,0
919,5.91082,0.000446,3
104,6.132734,0.000438,4
19,5.510402,0.000438,0
980,5.642074,0.000435,0
143,6.184493,0.000429,1
284,5.533077,0.000426,0
578,6.264758,0.000426,4
616,6.095379,0.000421,3
996,5.512228,0.000417,1
926,5.488319,0.000411,1
245,6.256449,0.000409,4
821,6.040603,0.000408,0
825,5.539582,0.000406,0
1179,5.996415,0.000404,3
77,5.775725,0.000402,1
1139,6.056568,0.000401,1
452,5.856467,0.000401,2
222,5.481282,0.000391,2
796,5.922909,0.00039,4
214,5.578493,0.00039,1
573,5.458299,0.000389,0
797,6.087834,0.000386,1
771,6.108024,0.000385,0
1146,5.545037,0.000383,2
915,4.75959,0.000382,0
283,5.795999,0.00038,0
782,6.10714,0.000378,1
1098,5.288895,0.000377,0
85,6.227888,0.00037,4
129,6.1496,0.000369,4
909,5.982569,0.000369,0
8,6.013378,0.000367,1
327,5.336138,0.000365,0
1186,5.269362,0.000358,0
875,6.246177,0.000356,0
638,6.073926,0.000354,0
425,4.918543,0.000354,0
378,5.627971,0.000352,0
278,6.163172,0.00035,3
654,6.053241,0.000349,0
600,6.187091,0.000348,4
337,5.193481,0.000348,0
1154,6.416698,0.000346,0
456,5.836811,0.000345,0
672,6.175368,0.000341,0
438,5.849483,0.000338,3
586,5.428581,0.000336,0
73,5.841674,0.000335,0
1194,6.209185,0.000332,1
398,6.257497,0.00033,4
34,5.595618,0.000329,1
294,6.083032,0.000327,1
16,6.456889,0.000327,0
186,5.568172,0.000325,1
720,5.981166,0.000323,3
579,5.479559,0.000322,1
953,6.231326,0.000318,0
1054,6.329785,0.000314,3
657,5.544573,0.00031,4
651,6.13962,0.000309,4
156,5.75144,0.000307,0
204,6.018475,0.000306,1
774,6.203469,0.000306,0
1162,5.417456,0.000305,1
767,5.994501,0.000301,3
538,5.681099,0.000297,0
982,6.149019,0.00029,1
416,5.497541,0.000286,2
736,5.182812,0.000286,0
162,5.862752,0.000284,4
265,6.085273,0.000284,0
567,6.041759,0.000283,1
626,5.898248,0.000278,4
139,5.567903,0.000275,0
279,5.90932,0.000271,0
781,5.585433,0.000262,2
462,6.41906,0.000261,0
851,6.032458,0.000261,1
50,6.06155,0.00026,4
295,6.049479,0.000258,1
356,6.029334,0.000256,3
234,6.08757,0.000253,0
60,6.442293,0.000253,0
0,5.994724,0.000251,3
318,6.050921,0.000249,0
180,6.127879,0.000249,1
1079,6.39914,0.000249,4
17,6.1395,0.000248,4
860,6.100071,0.000244,0
683,5.163714,0.000243,0
1133,5.814331,0.000241,3
539,6.056714,0.000239,0
360,6.193387,0.000238,4
1090,6.212416,0.000235,4
486,6.43201,0.000233,0
633,5.140157,0.000232,0
44,6.031434,0.00023,3
266,5.57911,0.00023,4
723,6.260574,0.000225,0
734,6.299585,0.000224,3
41,6.059144,0.000221,4
184,5.854558,0.00022,0
656,5.936859,0.000217,4
592,5.602125,0.000215,1
1088,5.09893,0.000213,0
973,6.001579,0.000209,3
15,6.015582,0.000209,3
102,6.035297,0.000209,3
499,6.152034,0.000208,3
179,6.29021,0.000203,3
209,6.301934,0.000203,3
1040,5.473102,0.000198,1
921,4.306601,0.000198,0
737,6.275421,0.000196,4
620,5.863224,0.000196,0
587,5.626004,0.000189,0
1071,6.134572,0.000189,0
702,6.153946,0.000185,3
1038,5.889556,0.000184,1
254,6.011323,0.000183,1
10,5.278022,0.000183,0
1147,5.875575,0.000182,4
23,5.506441,0.000181,4
368,6.292345,0.00018,1
824,6.01478,0.000176,3
272,6.03634,0.000175,3
634,6.201268,0.000175,1
733,6.048442,0.000174,4
300,5.964395,0.000174,1
1165,5.928836,0.000173,0
882,5.945531,0.000171,2
888,6.003468,0.000168,1
191,6.218922,0.000164,4
778,5.538514,0.000163,1
846,5.545854,0.000161,4
614,5.67835,0.000159,0
251,6.034493,0.000159,0
820,5.849992,0.000159,0
32,6.085503,0.000156,0
726,6.151206,0.000156,0
790,6.188433,0.000156,4
1075,5.406338,0.000152,0
119,6.167705,0.00015,3
401,6.254254,0.000146,4
508,6.064411,0.000145,1
758,4.99097,0.000143,0
975,5.58231,0.000142,0
907,6.412397,0.000141,0
611,5.848357,0.000141,3
572,6.139105,0.000138,1
364,5.715675,0.000137,2
777,6.005994,0.000136,3
483,6.038992,0.000134,4
333,5.391287,0.000133,2
806,6.008414,0.000132,1
434,6.183147,0.000128,3
852,5.842348,0.000127,1
58,6.21303,0.000127,3
681,5.982967,0.000126,0
621,5.910019,0.000126,3
603,6.198674,0.000124,0
79,5.043479,0.000123,0
1108,5.783232,0.000122,2
9,6.408598,0.000122,0
833,5.993473,0.00012,0
223,5.505653,0.000118,0
708,6.264859,0.000117,0
215,5.546345,0.000116,0
165,6.064143,0.000116,3
871,6.332494,0.000115,3
474,6.172654,0.000113,3
158,6.201417,0.000113,1
916,6.397674,0.000112,3
748,5.696057,0.000112,4
1100,6.065018,0.000111,1
540,5.419122,0.00011,0
164,5.983216,0.00011,3
1136,6.221168,0.00011,1
51,6.199418,0.000109,1
1027,5.603034,0.000109,0
523,5.870044,0.000109,4
682,4.952288,0.000108,0
648,5.972312,0.000108,1
693,5.822073,0.000106,0
439,6.138158,0.000106,0
963,5.367186,0.000105,0
1115,6.549919,0.000103,3
1151,6.024209,0.000102,4
943,5.882721,0.000101,4
1192,5.478232,0.0001,2
1024,6.434883,0.000098,3
902,5.636897,0.000098,4
287,6.19493,0.000097,3
530,5.960906,0.000096,1
154,6.559356,0.000095,3
5,5.701601,0.000093,2
314,5.470131,0.000093,0
518,5.768224,0.000093,0
1055,6.125391,0.000092,3
951,6.354606,0.000089,0
355,5.910945,0.000089,1
146,6.227858,0.000089,3
525,5.228561,0.000088,5
68,6.172488,0.000087,3
400,6.217154,0.000086,1
662,5.5809,0.000086,5
498,6.270444,0.000085,1
484,6.273883,0.000084,4
18,5.907181,0.000083,3
535,5.812749,0.000083,0
1138,5.226347,0.000083,0
859,6.035517,0.000083,3
501,6.326584,0.000082,3
1058,6.113396,0.000079,3
721,5.897874,0.000079,3
624,6.143989,0.000079,3
1094,6.032325,0.000079,3
133,6.25211,0.000079,3
872,5.507768,0.000078,1
362,5.794165,0.000076,2
941,6.417269,0.000072,0
679,5.599255,0.000071,0
42,6.050964,0.00007,3
21,5.976567,0.00007,4
801,5.92252,0.000069,3
237,6.153481,0.000068,1
526,5.796338,0.000067,3
1134,6.040744,0.000067,4
469,5.925756,0.000065,4
800,5.175382,0.000065,0
779,5.978063,0.000064,0
1041,6.264223,0.000064,4
14,5.89576,0.000064,3
755,5.153941,0.000064,0
743,6.187734,0.000063,3
752,5.910323,0.000062,3
1126,6.068181,0.000062,0
1029,6.324556,0.000061,0
697,6.384336,0.000059,1
65,6.265731,0.000059,0
625,5.764799,0.000059,0
305,6.452,0.000058,0
342,5.784276,0.000058,3
275,5.159412,0.000058,1
857,6.282376,0.000057,4
224,6.029628,0.000057,0
950,6.18631,0.000057,3
1184,5.058962,0.000056,0
1050,6.186135,0.000056,3
542,6.189071,0.000055,0
807,5.878554,0.000055,4
445,6.234172,0.000055,4
1142,6.271579,0.000055,0
432,6.342695,0.000054,4
75,5.901321,0.000054,0
361,5.998007,0.000054,3
1103,5.82202,0.000053,0
428,5.032899,0.000052,1
229,6.533099,0.000052,3
208,6.480749,0.000051,3
1021,6.393745,0.000049,4
236,6.137677,0.000049,3
201,6.131976,0.000049,1
598,6.064867,0.000048,3
163,6.090144,0.000047,3
1144,6.278293,0.000046,1
369,6.383487,0.000046,3
1014,6.022421,0.000045,3
205,6.284183,0.000045,3
436,6.170972,0.000044,3
701,6.196297,0.000044,1
585,6.05852,0.000043,1
901,5.418142,0.000042,1
699,6.147722,0.000042,3
358,5.837183,0.000041,4
822,6.239734,0.00004,3
1096,5.812025,0.000039,4
623,6.304485,0.000039,3
830,6.785387,0.000038,3
1155,5.968496,0.000038,3
319,6.371497,0.000038,3
1160,6.448747,0.000037,1
584,6.274186,0.000037,3
410,6.32052,0.000037,0
411,5.682697,0.000037,3
849,5.505937,0.000036,0
424,6.133072,0.000035,3
71,6.25628,0.000034,3
971,6.033268,0.000034,4
338,5.940217,0.000034,3
959,6.458252,0.000034,0
988,6.387375,0.000034,3
967,6.382948,0.000034,0
152,6.276027,0.000033,3
170,6.590614,0.000033,5
1110,6.16476,0.000032,4
615,6.269147,0.000032,3
1158,6.156,0.000032,4
258,5.912724,0.000032,3
922,6.681261,0.000032,3
397,5.853689,0.000032,4
211,6.390734,0.000032,0
866,5.935322,0.000031,3
301,5.108442,0.00003,0
724,4.998153,0.00003,4
1089,6.496135,0.00003,4
276,6.64897,0.00003,5
666,6.082867,0.00003,3
181,6.263661,0.000029,3
680,5.884963,0.000029,1
549,6.329654,0.000029,0
419,6.443265,0.000028,3
580,5.671044,0.000028,0
321,5.541984,0.000028,1
705,6.502458,0.000028,3
1157,6.638518,0.000028,3
409,5.999851,0.000027,0
895,6.270616,0.000027,0
689,6.487291,0.000027,3
126,6.130072,0.000027,5
712,6.13373,0.000027,3
403,6.51287,0.000027,0
601,5.730807,0.000027,0
476,5.977008,0.000026,3
166,6.075814,0.000026,0
1112,5.680451,0.000026,0
233,5.783543,0.000025,0
171,6.100968,0.000024,3
382,6.335188,0.000023,3
402,6.325247,0.000023,3
517,6.381759,0.000023,0
1131,6.219293,0.000022,3
28,6.455274,0.000022,3
979,6.46288,0.000022,5
874,6.11397,0.000021,3
83,6.292197,0.000021,4
1072,6.627084,0.000021,3
893,6.061207,0.00002,3
1017,6.266548,0.00002,3
884,6.362397,0.00002,3
952,6.26809,0.00002,3
519,6.186827,0.000019,1
1191,6.651099,0.000019,5
86,5.261762,0.000019,5
744,6.063156,0.000019,4
793,6.061558,0.000018,3
850,6.423001,0.000018,3
834,6.117197,0.000018,3
137,6.204043,0.000018,3
111,6.485068,0.000018,3
1174,5.793453,0.000018,4
917,6.136523,0.000018,4
343,5.983985,0.000018,3
792,6.154587,0.000018,3
641,6.243381,0.000017,1
495,5.942246,0.000017,1
991,6.096134,0.000017,3
718,6.668737,0.000017,3
643,6.168203,0.000017,3
345,6.070365,0.000017,3
45,6.14445,0.000017,4
760,6.232351,0.000017,4
810,6.506976,0.000016,5
103,6.532463,0.000016,3
1141,6.275667,0.000016,3
886,6.059625,0.000016,3
1025,6.523923,0.000016,3
1074,5.913508,0.000016,3
153,6.402252,0.000016,3
1013,6.312677,0.000015,1
372,5.664571,0.000015,2
645,5.666356,0.000015,1
997,6.507638,0.000015,3
326,6.219087,0.000015,3
289,6.599761,0.000015,5
757,6.206032,0.000015,4
908,6.379838,0.000015,3
944,6.135574,0.000014,3
1111,6.028592,0.000014,5
1199,5.881192,0.000014,1
668,6.255454,0.000013,3
1161,6.760287,0.000013,5
96,6.470146,0.000013,3
856,6.274261,0.000013,3
325,6.770436,0.000013,5
132,6.146278,0.000013,3
1181,6.093005,0.000012,3
564,5.955663,0.000012,3
466,6.787431,0.000012,3
881,6.316815,0.000012,3
858,6.501517,0.000012,3
147,5.584124,0.000012,0
560,6.492327,0.000012,1
590,6.404058,0.000011,5
769,6.053553,0.000011,5
889,5.932281,0.000011,3
178,6.57056,0.000011,5
313,6.105438,0.000011,3
1065,5.935294,0.000011,3
1171,6.297519,0.000011,3
918,6.101213,0.000011,3
339,6.106315,0.000011,3
1051,6.461985,0.00001,3
925,6.530366,0.00001,5
199,6.327296,0.00001,3
311,6.183844,0.00001,3
78,6.433766,0.00001,5
949,6.279973,0.00001,5
937,6.309355,0.00001,3
131,6.77092,0.000009,5
384,6.283931,0.000009,3
1163,6.228165,0.000009,3
761,6.185716,0.000009,3
770,6.030686,0.000009,4
1197,5.84102,0.000009,4
883,6.21773,0.000009,0
1130,6.365652,0.000009,5
660,6.243951,0.000009,3
122,6.3562,0.000009,4
939,6.538099,0.000008,3
52,6.046826,0.000008,3
70,6.39743,0.000008,3
1011,6.266077,0.000008,3
1016,6.510447,0.000008,5
66,6.259274,0.000008,5
196,6.428244,0.000008,5
528,6.354442,0.000008,4
263,6.284619,0.000008,3
185,5.80724,0.000008,3
990,6.37727,0.000008,3
700,6.245496,0.000008,4
414,6.596717,0.000008,3
1122,6.330446,0.000008,4
503,6.453177,0.000007,3
250,6.111773,0.000007,0
838,6.227332,0.000007,3
415,6.098688,0.000007,3
574,6.14917,0.000007,3
298,6.102691,0.000007,3
315,6.744478,0.000007,3
226,6.733989,0.000007,3
1082,6.179778,0.000007,3
202,6.696555,0.000007,3
1046,5.882348,0.000007,3
172,6.609577,0.000007,3
43,6.573832,0.000006,3
1120,6.017188,0.000006,3
1067,5.793088,0.000006,1
244,6.251866,0.000006,1
1123,6.663618,0.000006,5
905,6.604504,0.000006,3
1125,6.234677,0.000006,3
56,6.041583,0.000006,3
532,6.573071,0.000006,3
984,6.090698,0.000006,3
1137,6.462416,0.000006,5
1062,6.572876,0.000006,3
1149,6.087013,0.000006,3
714,6.699013,0.000006,5
556,6.20963,0.000006,3
1026,5.82837,0.000006,0
521,6.175891,0.000005,5
320,6.789751,0.000005,5
794,5.900567,0.000005,3
993,6.567313,0.000005,5
891,6.684311,0.000005,5
441,6.129992,0.000005,3
1028,6.266466,0.000005,0
636,6.343621,0.000005,5
948,6.036328,0.000005,3
238,6.156815,0.000005,3
350,5.677459,0.000005,5
785,6.113994,0.000005,0
1117,6.393688,0.000005,3
429,5.643086,0.000005,1
317,6.041385,0.000005,0
145,5.995592,0.000005,3
212,6.104608,0.000005,5
123,6.032879,0.000005,3
1001,6.337424,0.000004,3
443,6.300634,0.000004,3
467,6.315294,0.000004,3
30,6.376669,0.000004,5
854,5.994579,0.000004,3
725,6.7282,0.000004,5
887,6.153743,0.000004,5
972,5.762502,0.000004,3
677,6.132558,0.000004,5
460,5.909398,0.000004,3
696,6.420733,0.000004,3
1172,6.090952,0.000004,3
711,6.232466,0.000004,3
80,6.180476,0.000004,3
504,6.021255,0.000003,3
221,6.020874,0.000003,3
756,6.180706,0.000003,5
569,6.149324,0.000003,4
691,6.364849,0.000003,5
813,6.10225,0.000003,3
942,6.429632,0.000003,3
176,6.348594,0.000003,5
589,6.400228,0.000003,5
514,5.936515,0.000003,3
472,6.124334,0.000003,3
437,6.398623,0.000003,3
1078,5.842923,0.000003,4
1084,6.351409,0.000003,5
715,6.172282,0.000003,4
1068,6.233648,0.000003,3
664,6.61648,0.000003,3
671,6.391669,0.000003,3
628,6.649224,0.000003,3
1097,6.449385,0.000003,5
240,6.473555,0.000003,3
930,6.664325,0.000003,3
911,6.224883,0.000003,3
868,6.034627,0.000003,5
53,6.548449,0.000002,3
1198,6.455078,0.000002,3
961,5.62739,0.000002,0
740,6.296374,0.000002,3
148,6.566583,0.000002,3
134,6.572236,0.000002,5
335,6.118079,0.000002,3
571,6.509052,0.000002,3
396,6.557961,0.000002,5
61,6.269389,0.000002,3
536,6.362514,0.000002,3
347,6.456559,0.000002,3
264,6.412727,0.000002,3
655,6.512211,0.000002,5
353,6.670125,0.000002,3
1156,5.438632,0.000002,3
324,6.311368,0.000002,5
292,6.233774,0.000002,3
607,6.506114,0.000002,3
776,6.193327,0.000002,3
383,6.391882,0.000002,5
374,6.16032,0.000002,4
1073,6.195682,0.000002,5
935,6.213292,0.000002,3
91,6.766934,0.000002,3
568,6.273591,0.000002,5
795,6.769732,0.000002,5
1035,6.069904,0.000002,3
142,6.290969,0.000002,5
906,6.303708,0.000002,3
470,6.464206,0.000002,4
455,6.655075,0.000002,5
688,6.465345,0.000002,5
281,6.40421,0.000002,5
149,6.732938,0.000002,5
735,6.040115,0.000002,1
742,6.321421,0.000002,1
686,6.013562,0.000002,3
927,6.757068,0.000002,3
453,6.610193,0.000002,5
739,6.453257,0.000002,5
986,6.498044,0.000002,3
582,6.291484,0.000002,1
273,6.701274,0.000002,5
392,6.269951,0.000002,5
653,6.226576,0.000002,3
1077,6.239632,0.000002,3
98,6.663616,0.000002,3
1116,6.422747,0.000002,4
678,6.4029,0.000002,5
897,6.612215,0.000002,3
388,5.843173,0.000002,3
39,6.452102,0.000002,3
228,6.338748,0.000002,5
381,6.583974,0.000002,3
960,5.994506,0.000002,1
1195,6.143577,0.000001,3
118,6.198532,0.000001,3
1121,6.331942,0.000001,5
550,6.737115,0.000001,5
1187,6.185634,0.000001,3
836,6.282243,0.000001,1
84,6.358867,0.000001,5
965,6.631603,0.000001,5
323,5.973954,0.000001,3
581,6.571324,0.000001,3
784,5.55585,0.000001,1
1168,6.958463,0.000001,5
873,6.747612,0.000001,5
1,6.213222,0.000001,3
299,5.966043,0.000001,3
692,6.471479,0.000001,5
719,6.124055,0.000001,3
1175,6.611613,0.000001,5
853,6.584774,0.000001,3
904,6.089372,0.000001,1
140,5.907017,0.000001,0
259,6.244867,0.000001,5
788,6.82952,0.000001,5
1109,6.808677,0.000001,3
1057,6.286254,0.000001,3
557,5.646827,0.000001,3
13,6.3508,0.000001,5
531,5.975566,0.000001,3
88,6.58131,0.000001,3
862,6.420664,0.000001,3
558,6.077313,0.000001,3
59,6.17343,0.000001,5
231,6.572846,0.000001,5
161,6.226262,0.000001,5
1083,6.538509,0.000001,3
717,6.224255,0.000001,3
351,6.350677,0.000001,5
1044,6.100986,0.000001,5
811,6.446523,0.000001,5
928,6.636425,0.000001,5
332,6.462813,0.000001,3
995,6.222435,0.000001,5
1102,6.509998,0.000001,5
492,5.920508,0.000001,3
1039,6.169422,0.000001,4
408,5.897436,0.000001,3
661,6.268549,0.000001,5
1101,6.506284,0.000001,3
563,6.261839,0.000001,3
786,6.412966,0.000001,5
947,5.774248,0.000001,1
500,6.240409,0.000001,3
297,6.269251,0,3
190,6.114162,0,3
473,6.497539,0,5
269,6.43556,0,5
640,6.164342,0,5
1049,6.340611,0,3
1008,6.149146,0,3
124,6.286844,0,5
842,6.521377,0,5
187,6.082709,0,4
652,6.213483,0,4
527,6.602185,0,3
390,6.698485,0,3
210,6.048375,0,5
827,5.075382,0,0
430,6.462392,0,3
76,6.914879,0,5
804,6.017734,0,0
253,6.071557,0,3
524,6.039788,0,3
985,6.56773,0,5
511,6.2589,0,5
923,6.13673,0,3
1167,6.424417,0,5
989,6.573911,0,5
649,6.670541,0,5
329,6.249973,0,5
87,6.875113,0,5
608,6.458562,0,5
704,5.193828,0,0
130,6.629244,0,5
931,6.21313,0,5
1059,5.788046,0,3
627,6.525836,0,5
665,6.232119,0,3
248,6.556844,0,5
746,6.701141,0,5
863,6.830967,0,5
763,5.379231,0,5
1015,6.378939,0,3
894,6.209703,0,5
1173,6.137046,0,3
548,5.879163,0,3
363,6.312622,0,5
105,6.387251,0,3
998,6.193638,0,5
606,6.675098,0,5
257,5.189492,0,0
412,6.650933,0,5
379,6.36101,0,5
159,6.307233,0,3
707,6.357122,0,5
814,6.243023,0,3
471,5.280433,0,1
206,5.409513,0,4
958,6.459833,0,5
933,5.856781,0,4
848,6.488849,0,3
1166,6.608952,0,0
780,6.786534,0,3
125,5.887215,0,5
188,6.500364,0,3
106,6.008983,0,3
3,6.294307,0,5
983,6.547684,0,5
1182,6.596305,0,5
359,6.845886,0,3
377,6.56871,0,5
423,6.760321,0,5
418,6.683883,0,5
709,5.754832,0,5
177,6.323837,0,5
1129,6.348284,0,5
399,6.82869,0,5
1095,6.371124,0,5
308,6.100013,0,5
193,6.984817,0,5
442,5.902036,0,3
554,6.007563,0,3
465,5.89194,0,5
515,6.235764,0,1
334,6.403112,0,3
765,5.835021,0,5
1105,5.889347,0,5
349,6.219859,0,5
1099,6.586611,0,5
630,6.358785,0,5
386,6.089449,0,3
750,6.323202,0,4
249,6.591249,0,5
431,6.585513,0,5
4,6.404041,0,3
1107,6.256903,0,5
256,5.684676,0,4
220,6.479527,0,3
787,6.427627,0,5
31,6.282083,0,4
371,6.119795,0,0
344,5.292012,0,5
433,6.558128,0,5
458,5.943195,0,5
464,6.637065,0,5
533,6.46872,0,3
252,5.906129,0,5
896,5.99446,0,4
575,6.463405,0,5
260,5.242914,0,3
25,6.86704,0,5
747,6.405085,0,5
33,6.911444,0,5
99,6.781758,0,5
312,6.683132,0,3
29,6.171747,0,5
422,6.625105,0,5
144,4.920439,0,0
375,6.269456,0,5
903,4.892587,0,0
461,6.436159,0,5
478,6.146218,0,4
956,5.914493,0,4
310,6.163077,0,5
1140,5.934251,0,3
1066,6.785032,0,5
291,6.100351,0,4
647,6.282186,0,4
509,5.504001,0,3
459,6.771697,0,5
477,6.65195,0,5
157,6.125887,0,4
957,6.37453,0,5
593,6.171249,0,4
20,6.234914,0,4
55,5.849724,0,4
322,6.099383,0,3
493,4.140024,0,0
613,6.729903,0,3
121,6.660502,0,3
577,6.059683,0,4
36,6.916886,0,5
114,4.238133,0,0
116,5.784569,0,4
261,6.028064,0,4
406,4.963967,0,0
450,6.017577,0,4
497,6.138967,0,4
597,6.16809,0,4
823,6.617633,0,5
1081,6.181313,0,4
46,6.774859,0,5
82,6.625852,0,5
120,6.858924,0,5
127,6.446946,0,5
141,6.657909,0,5
218,6.335571,0,5
219,6.381341,0,5
243,6.565903,0,5
293,6.295553,0,4
304,6.506063,0,5
309,4.96515,0,0
376,4.871044,0,4
404,6.687986,0,5
407,5.173705,0,0
417,5.465571,0,3
420,6.142247,0,0
421,5.263791,0,0
446,6.462458,0,6
449,6.638943,0,5
510,4.118413,0,0
543,6.266238,0,5
570,5.007922,0,0
591,6.384295,0,5
766,5.286697,0,0
818,6.166362,0,4
865,5.220641,0,0
900,6.417897,0,5
987,5.088141,0,1
1031,5.391858,0,0
1037,6.377238,0,5
1093,5.727993,0,4
1148,6.427483,0,4
